Full_Date,Date_Key,Year,Quarter,Month,Month_Name,Day_Name
2010-01-01,20100101,2010,1,1,January,Friday
2010-01-03,20100103,2010,1,1,January,Sunday
2010-01-06,20100106,2010,1,1,January,Wednesday
2010-01-10,20100110,2010,1,1,January,Sunday
2010-01-11,20100111,2010,1,1,January,Monday
2010-01-12,20100112,2010,1,1,January,Tuesday
2010-01-13,20100113,2010,1,1,January,Wednesday
2010-01-16,20100116,2010,1,1,January,Saturday
2010-01-18,20100118,2010,1,1,January,Monday
2010-01-20,20100120,2010,1,1,January,Wednesday
2010-01-23,20100123,2010,1,1,January,Saturday
2010-01-26,20100126,2010,1,1,January,Tuesday
2010-01-30,20100130,2010,1,1,January,Saturday
2010-02-03,20100203,2010,1,2,February,Wednesday
2010-02-07,20100207,2010,1,2,February,Sunday
2010-02-10,20100210,2010,1,2,February,Wednesday
2010-02-11,20100211,2010,1,2,February,Thursday
2010-02-13,20100213,2010,1,2,February,Saturday
2010-02-16,20100216,2010,1,2,February,Tuesday
2010-02-19,20100219,2010,1,2,February,Friday
2010-02-20,20100220,2010,1,2,February,Saturday
2010-02-25,20100225,2010,1,2,February,Thursday
2010-03-01,20100301,2010,1,3,March,Monday
2010-03-02,20100302,2010,1,3,March,Tuesday
2010-03-04,20100304,2010,1,3,March,Thursday
2010-03-08,20100308,2010,1,3,March,Monday
2010-03-14,20100314,2010,1,3,March,Sunday
2010-03-16,20100316,2010,1,3,March,Tuesday
2010-03-17,20100317,2010,1,3,March,Wednesday
2010-03-19,20100319,2010,1,3,March,Friday
2010-03-20,20100320,2010,1,3,March,Saturday
2010-04-09,20100409,2010,2,4,April,Friday
2010-04-10,20100410,2010,2,4,April,Saturday
2010-04-14,20100414,2010,2,4,April,Wednesday
2010-04-18,20100418,2010,2,4,April,Sunday
2010-04-21,20100421,2010,2,4,April,Wednesday
2010-05-01,20100501,2010,2,5,May,Saturday
2010-05-02,20100502,2010,2,5,May,Sunday
2010-05-03,20100503,2010,2,5,May,Monday
2010-05-04,20100504,2010,2,5,May,Tuesday
2010-05-08,20100508,2010,2,5,May,Saturday
2010-05-10,20100510,2010,2,5,May,Monday
2010-05-13,20100513,2010,2,5,May,Thursday
2010-05-16,20100516,2010,2,5,May,Sunday
2010-05-22,20100522,2010,2,5,May,Saturday
2010-05-26,20100526,2010,2,5,May,Wednesday
2010-05-27,20100527,2010,2,5,May,Thursday
2010-05-30,20100530,2010,2,5,May,Sunday
2010-05-31,20100531,2010,2,5,May,Monday
2010-06-05,20100605,2010,2,6,June,Saturday
2010-06-06,20100606,2010,2,6,June,Sunday
2010-06-09,20100609,2010,2,6,June,Wednesday
2010-06-13,20100613,2010,2,6,June,Sunday
2010-06-14,20100614,2010,2,6,June,Monday
2010-06-15,20100615,2010,2,6,June,Tuesday
2010-06-19,20100619,2010,2,6,June,Saturday
2010-06-20,20100620,2010,2,6,June,Sunday
2010-06-23,20100623,2010,2,6,June,Wednesday
2010-06-26,20100626,2010,2,6,June,Saturday
2010-06-28,20100628,2010,2,6,June,Monday
2010-07-09,20100709,2010,3,7,July,Friday
2010-07-10,20100710,2010,3,7,July,Saturday
2010-07-12,20100712,2010,3,7,July,Monday
2010-07-16,20100716,2010,3,7,July,Friday
2010-07-19,20100719,2010,3,7,July,Monday
2010-07-20,20100720,2010,3,7,July,Tuesday
2010-07-24,20100724,2010,3,7,July,Saturday
2010-07-28,20100728,2010,3,7,July,Wednesday
2010-07-31,20100731,2010,3,7,July,Saturday
2010-08-01,20100801,2010,3,8,August,Sunday
2010-08-14,20100814,2010,3,8,August,Saturday
2010-08-15,20100815,2010,3,8,August,Sunday
2010-08-19,20100819,2010,3,8,August,Thursday
2010-08-21,20100821,2010,3,8,August,Saturday
2010-08-23,20100823,2010,3,8,August,Monday
2010-08-25,20100825,2010,3,8,August,Wednesday
2010-08-27,20100827,2010,3,8,August,Friday
2010-08-28,20100828,2010,3,8,August,Saturday
2010-08-31,20100831,2010,3,8,August,Tuesday
2010-09-01,20100901,2010,3,9,September,Wednesday
2010-09-03,20100903,2010,3,9,September,Friday
2010-09-07,20100907,2010,3,9,September,Tuesday
2010-09-09,20100909,2010,3,9,September,Thursday
2010-09-12,20100912,2010,3,9,September,Sunday
2010-09-18,20100918,2010,3,9,September,Saturday
2010-09-19,20100919,2010,3,9,September,Sunday
2010-09-20,20100920,2010,3,9,September,Monday
2010-09-25,20100925,2010,3,9,September,Saturday
2010-09-26,20100926,2010,3,9,September,Sunday
2010-09-27,20100927,2010,3,9,September,Monday
2010-09-29,20100929,2010,3,9,September,Wednesday
2010-10-01,20101001,2010,4,10,October,Friday
2010-10-03,20101003,2010,4,10,October,Sunday
2010-10-06,20101006,2010,4,10,October,Wednesday
2010-10-07,20101007,2010,4,10,October,Thursday
2010-10-09,20101009,2010,4,10,October,Saturday
2010-10-12,20101012,2010,4,10,October,Tuesday
2010-10-13,20101013,2010,4,10,October,Wednesday
2010-10-16,20101016,2010,4,10,October,Saturday
2010-10-20,20101020,2010,4,10,October,Wednesday
2010-10-22,20101022,2010,4,10,October,Friday
2010-10-25,20101025,2010,4,10,October,Monday
2010-10-26,20101026,2010,4,10,October,Tuesday
2010-10-29,20101029,2010,4,10,October,Friday
2010-10-31,20101031,2010,4,10,October,Sunday
2010-11-07,20101107,2010,4,11,November,Sunday
2010-11-11,20101111,2010,4,11,November,Thursday
2010-11-12,20101112,2010,4,11,November,Friday
2010-11-16,20101116,2010,4,11,November,Tuesday
2010-11-22,20101122,2010,4,11,November,Monday
2010-11-25,20101125,2010,4,11,November,Thursday
2010-11-28,20101128,2010,4,11,November,Sunday
2010-12-02,20101202,2010,4,12,December,Thursday
2010-12-03,20101203,2010,4,12,December,Friday
2010-12-04,20101204,2010,4,12,December,Saturday
2010-12-05,20101205,2010,4,12,December,Sunday
2010-12-08,20101208,2010,4,12,December,Wednesday
2010-12-10,20101210,2010,4,12,December,Friday
2010-12-13,20101213,2010,4,12,December,Monday
2010-12-14,20101214,2010,4,12,December,Tuesday
2010-12-16,20101216,2010,4,12,December,Thursday
2010-12-18,20101218,2010,4,12,December,Saturday
2010-12-20,20101220,2010,4,12,December,Monday
2010-12-21,20101221,2010,4,12,December,Tuesday
2010-12-26,20101226,2010,4,12,December,Sunday
2010-12-30,20101230,2010,4,12,December,Thursday
2011-01-02,20110102,2011,1,1,January,Sunday
2011-01-05,20110105,2011,1,1,January,Wednesday
2011-01-06,20110106,2011,1,1,January,Thursday
2011-01-08,20110108,2011,1,1,January,Saturday
2011-01-13,20110113,2011,1,1,January,Thursday
2011-01-15,20110115,2011,1,1,January,Saturday
2011-01-18,20110118,2011,1,1,January,Tuesday
2011-01-21,20110121,2011,1,1,January,Friday
2011-01-22,20110122,2011,1,1,January,Saturday
2011-01-23,20110123,2011,1,1,January,Sunday
2011-01-25,20110125,2011,1,1,January,Tuesday
2011-01-27,20110127,2011,1,1,January,Thursday
2011-01-28,20110128,2011,1,1,January,Friday
2011-01-31,20110131,2011,1,1,January,Monday
2011-02-01,20110201,2011,1,2,February,Tuesday
2011-02-02,20110202,2011,1,2,February,Wednesday
2011-02-03,20110203,2011,1,2,February,Thursday
2011-02-04,20110204,2011,1,2,February,Friday
2011-02-09,20110209,2011,1,2,February,Wednesday
2011-02-13,20110213,2011,1,2,February,Sunday
2011-02-15,20110215,2011,1,2,February,Tuesday
2011-02-17,20110217,2011,1,2,February,Thursday
2011-02-21,20110221,2011,1,2,February,Monday
2011-02-22,20110222,2011,1,2,February,Tuesday
2011-02-25,20110225,2011,1,2,February,Friday
2011-02-26,20110226,2011,1,2,February,Saturday
2011-02-28,20110228,2011,1,2,February,Monday
2011-03-02,20110302,2011,1,3,March,Wednesday
2011-03-03,20110303,2011,1,3,March,Thursday
2011-03-04,20110304,2011,1,3,March,Friday
2011-03-08,20110308,2011,1,3,March,Tuesday
2011-03-09,20110309,2011,1,3,March,Wednesday
2011-03-13,20110313,2011,1,3,March,Sunday
2011-03-14,20110314,2011,1,3,March,Monday
2011-03-15,20110315,2011,1,3,March,Tuesday
2011-03-18,20110318,2011,1,3,March,Friday
2011-03-21,20110321,2011,1,3,March,Monday
2011-03-23,20110323,2011,1,3,March,Wednesday
2011-03-29,20110329,2011,1,3,March,Tuesday
2011-03-30,20110330,2011,1,3,March,Wednesday
2011-04-05,20110405,2011,2,4,April,Tuesday
2011-04-07,20110407,2011,2,4,April,Thursday
2011-04-09,20110409,2011,2,4,April,Saturday
2011-04-10,20110410,2011,2,4,April,Sunday
2011-04-13,20110413,2011,2,4,April,Wednesday
2011-04-14,20110414,2011,2,4,April,Thursday
2011-04-17,20110417,2011,2,4,April,Sunday
2011-04-18,20110418,2011,2,4,April,Monday
2011-04-19,20110419,2011,2,4,April,Tuesday
2011-04-20,20110420,2011,2,4,April,Wednesday
2011-04-23,20110423,2011,2,4,April,Saturday
2011-04-26,20110426,2011,2,4,April,Tuesday
2011-04-27,20110427,2011,2,4,April,Wednesday
2011-04-28,20110428,2011,2,4,April,Thursday
2011-05-04,20110504,2011,2,5,May,Wednesday
2011-05-05,20110505,2011,2,5,May,Thursday
2011-05-06,20110506,2011,2,5,May,Friday
2011-05-07,20110507,2011,2,5,May,Saturday
2011-05-11,20110511,2011,2,5,May,Wednesday
2011-05-14,20110514,2011,2,5,May,Saturday
2011-05-17,20110517,2011,2,5,May,Tuesday
2011-05-18,20110518,2011,2,5,May,Wednesday
2011-05-21,20110521,2011,2,5,May,Saturday
2011-05-22,20110522,2011,2,5,May,Sunday
2011-05-23,20110523,2011,2,5,May,Monday
2011-05-25,20110525,2011,2,5,May,Wednesday
2011-06-02,20110602,2011,2,6,June,Thursday
2011-06-03,20110603,2011,2,6,June,Friday
2011-06-05,20110605,2011,2,6,June,Sunday
2011-06-09,20110609,2011,2,6,June,Thursday
2011-06-10,20110610,2011,2,6,June,Friday
2011-06-13,20110613,2011,2,6,June,Monday
2011-06-16,20110616,2011,2,6,June,Thursday
2011-06-24,20110624,2011,2,6,June,Friday
2011-06-25,20110625,2011,2,6,June,Saturday
2011-06-27,20110627,2011,2,6,June,Monday
2011-07-05,20110705,2011,3,7,July,Tuesday
2011-07-08,20110708,2011,3,7,July,Friday
2011-07-12,20110712,2011,3,7,July,Tuesday
2011-07-13,20110713,2011,3,7,July,Wednesday
2011-07-14,20110714,2011,3,7,July,Thursday
2011-07-16,20110716,2011,3,7,July,Saturday
2011-07-17,20110717,2011,3,7,July,Sunday
2011-07-20,20110720,2011,3,7,July,Wednesday
2011-07-22,20110722,2011,3,7,July,Friday
2011-07-24,20110724,2011,3,7,July,Sunday
2011-07-28,20110728,2011,3,7,July,Thursday
2011-07-29,20110729,2011,3,7,July,Friday
2011-08-06,20110806,2011,3,8,August,Saturday
2011-08-13,20110813,2011,3,8,August,Saturday
2011-08-16,20110816,2011,3,8,August,Tuesday
2011-08-17,20110817,2011,3,8,August,Wednesday
2011-08-20,20110820,2011,3,8,August,Saturday
2011-08-21,20110821,2011,3,8,August,Sunday
2011-08-22,20110822,2011,3,8,August,Monday
2011-08-23,20110823,2011,3,8,August,Tuesday
2011-08-27,20110827,2011,3,8,August,Saturday
2011-08-30,20110830,2011,3,8,August,Tuesday
2011-09-02,20110902,2011,3,9,September,Friday
2011-09-08,20110908,2011,3,9,September,Thursday
2011-09-10,20110910,2011,3,9,September,Saturday
2011-09-11,20110911,2011,3,9,September,Sunday
2011-09-12,20110912,2011,3,9,September,Monday
2011-09-14,20110914,2011,3,9,September,Wednesday
2011-09-17,20110917,2011,3,9,September,Saturday
2011-09-18,20110918,2011,3,9,September,Sunday
2011-09-22,20110922,2011,3,9,September,Thursday
2011-09-26,20110926,2011,3,9,September,Monday
2011-10-01,20111001,2011,4,10,October,Saturday
2011-10-03,20111003,2011,4,10,October,Monday
2011-10-07,20111007,2011,4,10,October,Friday
2011-10-09,20111009,2011,4,10,October,Sunday
2011-10-10,20111010,2011,4,10,October,Monday
2011-10-16,20111016,2011,4,10,October,Sunday
2011-10-21,20111021,2011,4,10,October,Friday
2011-10-22,20111022,2011,4,10,October,Saturday
2011-10-23,20111023,2011,4,10,October,Sunday
2011-10-29,20111029,2011,4,10,October,Saturday
2011-10-30,20111030,2011,4,10,October,Sunday
2011-11-04,20111104,2011,4,11,November,Friday
2011-11-05,20111105,2011,4,11,November,Saturday
2011-11-06,20111106,2011,4,11,November,Sunday
2011-11-09,20111109,2011,4,11,November,Wednesday
2011-11-12,20111112,2011,4,11,November,Saturday
2011-11-19,20111119,2011,4,11,November,Saturday
2011-11-21,20111121,2011,4,11,November,Monday
2011-11-26,20111126,2011,4,11,November,Saturday
2011-11-27,20111127,2011,4,11,November,Sunday
2011-11-28,20111128,2011,4,11,November,Monday
2011-11-29,20111129,2011,4,11,November,Tuesday
2011-12-05,20111205,2011,4,12,December,Monday
2011-12-06,20111206,2011,4,12,December,Tuesday
2011-12-07,20111207,2011,4,12,December,Wednesday
2011-12-08,20111208,2011,4,12,December,Thursday
2011-12-09,20111209,2011,4,12,December,Friday
2011-12-12,20111212,2011,4,12,December,Monday
2011-12-15,20111215,2011,4,12,December,Thursday
2011-12-20,20111220,2011,4,12,December,Tuesday
2011-12-21,20111221,2011,4,12,December,Wednesday
2011-12-24,20111224,2011,4,12,December,Saturday
2011-12-26,20111226,2011,4,12,December,Monday
2011-12-28,20111228,2011,4,12,December,Wednesday
2011-12-30,20111230,2011,4,12,December,Friday
2012-01-02,20120102,2012,1,1,January,Monday
2012-01-04,20120104,2012,1,1,January,Wednesday
2012-01-06,20120106,2012,1,1,January,Friday
2012-01-07,20120107,2012,1,1,January,Saturday
2012-01-10,20120110,2012,1,1,January,Tuesday
2012-01-17,20120117,2012,1,1,January,Tuesday
2012-01-18,20120118,2012,1,1,January,Wednesday
2012-01-19,20120119,2012,1,1,January,Thursday
2012-01-23,20120123,2012,1,1,January,Monday
2012-01-25,20120125,2012,1,1,January,Wednesday
2012-01-27,20120127,2012,1,1,January,Friday
2012-01-29,20120129,2012,1,1,January,Sunday
2012-01-30,20120130,2012,1,1,January,Monday
2012-02-01,20120201,2012,1,2,February,Wednesday
2012-02-06,20120206,2012,1,2,February,Monday
2012-02-12,20120212,2012,1,2,February,Sunday
2012-02-13,20120213,2012,1,2,February,Monday
2012-02-15,20120215,2012,1,2,February,Wednesday
2012-02-17,20120217,2012,1,2,February,Friday
2012-02-19,20120219,2012,1,2,February,Sunday
2012-02-20,20120220,2012,1,2,February,Monday
2012-02-21,20120221,2012,1,2,February,Tuesday
2012-02-26,20120226,2012,1,2,February,Sunday
2012-03-01,20120301,2012,1,3,March,Thursday
2012-03-02,20120302,2012,1,3,March,Friday
2012-03-04,20120304,2012,1,3,March,Sunday
2012-03-05,20120305,2012,1,3,March,Monday
2012-03-10,20120310,2012,1,3,March,Saturday
2012-03-12,20120312,2012,1,3,March,Monday
2012-03-15,20120315,2012,1,3,March,Thursday
2012-03-16,20120316,2012,1,3,March,Friday
2012-03-20,20120320,2012,1,3,March,Tuesday
2012-03-21,20120321,2012,1,3,March,Wednesday
2012-03-23,20120323,2012,1,3,March,Friday
2012-03-25,20120325,2012,1,3,March,Sunday
2012-03-31,20120331,2012,1,3,March,Saturday
2012-04-02,20120402,2012,2,4,April,Monday
2012-04-05,20120405,2012,2,4,April,Thursday
2012-04-06,20120406,2012,2,4,April,Friday
2012-04-07,20120407,2012,2,4,April,Saturday
2012-04-08,20120408,2012,2,4,April,Sunday
2012-04-10,20120410,2012,2,4,April,Tuesday
2012-04-12,20120412,2012,2,4,April,Thursday
2012-04-13,20120413,2012,2,4,April,Friday
2012-04-19,20120419,2012,2,4,April,Thursday
2012-04-21,20120421,2012,2,4,April,Saturday
2012-04-22,20120422,2012,2,4,April,Sunday
2012-04-23,20120423,2012,2,4,April,Monday
2012-04-26,20120426,2012,2,4,April,Thursday
2012-04-28,20120428,2012,2,4,April,Saturday
2012-04-29,20120429,2012,2,4,April,Sunday
2012-05-02,20120502,2012,2,5,May,Wednesday
2012-05-05,20120505,2012,2,5,May,Saturday
2012-05-07,20120507,2012,2,5,May,Monday
2012-05-09,20120509,2012,2,5,May,Wednesday
2012-05-11,20120511,2012,2,5,May,Friday
2012-05-17,20120517,2012,2,5,May,Thursday
2012-05-18,20120518,2012,2,5,May,Friday
2012-05-21,20120521,2012,2,5,May,Monday
2012-05-22,20120522,2012,2,5,May,Tuesday
2012-05-24,20120524,2012,2,5,May,Thursday
2012-05-26,20120526,2012,2,5,May,Saturday
2012-05-28,20120528,2012,2,5,May,Monday
2012-05-30,20120530,2012,2,5,May,Wednesday
2012-06-03,20120603,2012,2,6,June,Sunday
2012-06-05,20120605,2012,2,6,June,Tuesday
2012-06-08,20120608,2012,2,6,June,Friday
2012-06-10,20120610,2012,2,6,June,Sunday
2012-06-11,20120611,2012,2,6,June,Monday
2012-06-13,20120613,2012,2,6,June,Wednesday
2012-06-14,20120614,2012,2,6,June,Thursday
2012-06-15,20120615,2012,2,6,June,Friday
2012-06-17,20120617,2012,2,6,June,Sunday
2012-06-18,20120618,2012,2,6,June,Monday
2012-06-22,20120622,2012,2,6,June,Friday
2012-06-25,20120625,2012,2,6,June,Monday
2012-06-29,20120629,2012,2,6,June,Friday
2012-06-30,20120630,2012,2,6,June,Saturday
2012-07-05,20120705,2012,3,7,July,Thursday
2012-07-08,20120708,2012,3,7,July,Sunday
2012-07-11,20120711,2012,3,7,July,Wednesday
2012-07-15,20120715,2012,3,7,July,Sunday
2012-07-18,20120718,2012,3,7,July,Wednesday
2012-07-22,20120722,2012,3,7,July,Sunday
2012-07-24,20120724,2012,3,7,July,Tuesday
2012-07-28,20120728,2012,3,7,July,Saturday
2012-07-31,20120731,2012,3,7,July,Tuesday
2012-08-01,20120801,2012,3,8,August,Wednesday
2012-08-07,20120807,2012,3,8,August,Tuesday
2012-08-11,20120811,2012,3,8,August,Saturday
2012-08-12,20120812,2012,3,8,August,Sunday
2012-08-14,20120814,2012,3,8,August,Tuesday
2012-08-16,20120816,2012,3,8,August,Thursday
2012-08-19,20120819,2012,3,8,August,Sunday
2012-08-20,20120820,2012,3,8,August,Monday
2012-08-21,20120821,2012,3,8,August,Tuesday
2012-08-22,20120822,2012,3,8,August,Wednesday
2012-08-23,20120823,2012,3,8,August,Thursday
2012-08-26,20120826,2012,3,8,August,Sunday
2012-08-29,20120829,2012,3,8,August,Wednesday
2012-09-03,20120903,2012,3,9,September,Monday
2012-09-06,20120906,2012,3,9,September,Thursday
2012-09-08,20120908,2012,3,9,September,Saturday
2012-09-09,20120909,2012,3,9,September,Sunday
2012-09-11,20120911,2012,3,9,September,Tuesday
2012-09-12,20120912,2012,3,9,September,Wednesday
2012-09-13,20120913,2012,3,9,September,Thursday
2012-09-16,20120916,2012,3,9,September,Sunday
2012-09-17,20120917,2012,3,9,September,Monday
2012-09-19,20120919,2012,3,9,September,Wednesday
2012-09-20,20120920,2012,3,9,September,Thursday
2012-09-28,20120928,2012,3,9,September,Friday
2012-09-29,20120929,2012,3,9,September,Saturday
2012-09-30,20120930,2012,3,9,September,Sunday
2012-10-01,20121001,2012,4,10,October,Monday
2012-10-02,20121002,2012,4,10,October,Tuesday
2012-10-04,20121004,2012,4,10,October,Thursday
2012-10-05,20121005,2012,4,10,October,Friday
2012-10-09,20121009,2012,4,10,October,Tuesday
2012-10-12,20121012,2012,4,10,October,Friday
2012-10-14,20121014,2012,4,10,October,Sunday
2012-10-18,20121018,2012,4,10,October,Thursday
2012-10-19,20121019,2012,4,10,October,Friday
2012-10-20,20121020,2012,4,10,October,Saturday
2012-10-22,20121022,2012,4,10,October,Monday
2012-10-24,20121024,2012,4,10,October,Wednesday
2012-10-26,20121026,2012,4,10,October,Friday
2012-10-27,20121027,2012,4,10,October,Saturday
2012-10-28,20121028,2012,4,10,October,Sunday
2012-10-30,20121030,2012,4,10,October,Tuesday
2012-11-01,20121101,2012,4,11,November,Thursday
2012-11-05,20121105,2012,4,11,November,Monday
2012-11-06,20121106,2012,4,11,November,Tuesday
2012-11-08,20121108,2012,4,11,November,Thursday
2012-11-09,20121109,2012,4,11,November,Friday
2012-11-14,20121114,2012,4,11,November,Wednesday
2012-11-16,20121116,2012,4,11,November,Friday
2012-11-19,20121119,2012,4,11,November,Monday
2012-11-21,20121121,2012,4,11,November,Wednesday
2012-11-25,20121125,2012,4,11,November,Sunday
2012-11-30,20121130,2012,4,11,November,Friday
2012-12-01,20121201,2012,4,12,December,Saturday
2012-12-03,20121203,2012,4,12,December,Monday
2012-12-05,20121205,2012,4,12,December,Wednesday
2012-12-06,20121206,2012,4,12,December,Thursday
2012-12-09,20121209,2012,4,12,December,Sunday
2012-12-14,20121214,2012,4,12,December,Friday
2012-12-15,20121215,2012,4,12,December,Saturday
2012-12-18,20121218,2012,4,12,December,Tuesday
2012-12-21,20121221,2012,4,12,December,Friday
2012-12-22,20121222,2012,4,12,December,Saturday
2012-12-23,20121223,2012,4,12,December,Sunday
2012-12-24,20121224,2012,4,12,December,Monday
2012-12-31,20121231,2012,4,12,December,Monday
2013-01-04,20130104,2013,1,1,January,Friday
2013-01-05,20130105,2013,1,1,January,Saturday
2013-01-06,20130106,2013,1,1,January,Sunday
2013-01-09,20130109,2013,1,1,January,Wednesday
2013-01-24,20130124,2013,1,1,January,Thursday
2013-01-30,20130130,2013,1,1,January,Wednesday
2013-01-31,20130131,2013,1,1,January,Thursday
2013-02-05,20130205,2013,1,2,February,Tuesday
2013-02-06,20130206,2013,1,2,February,Wednesday
2013-02-08,20130208,2013,1,2,February,Friday
2013-02-09,20130209,2013,1,2,February,Saturday
2013-02-10,20130210,2013,1,2,February,Sunday
2013-02-11,20130211,2013,1,2,February,Monday
2013-02-13,20130213,2013,1,2,February,Wednesday
2013-02-14,20130214,2013,1,2,February,Thursday
2013-02-16,20130216,2013,1,2,February,Saturday
2013-02-21,20130221,2013,1,2,February,Thursday
2013-02-22,20130222,2013,1,2,February,Friday
2013-02-24,20130224,2013,1,2,February,Sunday
2013-02-25,20130225,2013,1,2,February,Monday
2013-03-03,20130303,2013,1,3,March,Sunday
2013-03-05,20130305,2013,1,3,March,Tuesday
2013-03-07,20130307,2013,1,3,March,Thursday
2013-03-10,20130310,2013,1,3,March,Sunday
2013-03-11,20130311,2013,1,3,March,Monday
2013-03-12,20130312,2013,1,3,March,Tuesday
2013-03-14,20130314,2013,1,3,March,Thursday
2013-03-15,20130315,2013,1,3,March,Friday
2013-03-16,20130316,2013,1,3,March,Saturday
2013-03-20,20130320,2013,1,3,March,Wednesday
2013-03-24,20130324,2013,1,3,March,Sunday
2013-03-27,20130327,2013,1,3,March,Wednesday
2013-03-29,20130329,2013,1,3,March,Friday
2013-03-30,20130330,2013,1,3,March,Saturday
2013-03-31,20130331,2013,1,3,March,Sunday
2013-04-02,20130402,2013,2,4,April,Tuesday
2013-04-03,20130403,2013,2,4,April,Wednesday
2013-04-05,20130405,2013,2,4,April,Friday
2013-04-20,20130420,2013,2,4,April,Saturday
2013-04-21,20130421,2013,2,4,April,Sunday
2013-04-26,20130426,2013,2,4,April,Friday
2013-04-28,20130428,2013,2,4,April,Sunday
2013-04-29,20130429,2013,2,4,April,Monday
2013-04-30,20130430,2013,2,4,April,Tuesday
2013-05-08,20130508,2013,2,5,May,Wednesday
2013-05-14,20130514,2013,2,5,May,Tuesday
2013-05-22,20130522,2013,2,5,May,Wednesday
2013-05-24,20130524,2013,2,5,May,Friday
2013-05-26,20130526,2013,2,5,May,Sunday
2013-06-01,20130601,2013,2,6,June,Saturday
2013-06-03,20130603,2013,2,6,June,Monday
2013-06-05,20130605,2013,2,6,June,Wednesday
2013-06-08,20130608,2013,2,6,June,Saturday
2013-06-10,20130610,2013,2,6,June,Monday
2013-06-13,20130613,2013,2,6,June,Thursday
2013-06-15,20130615,2013,2,6,June,Saturday
2013-06-16,20130616,2013,2,6,June,Sunday
2013-06-17,20130617,2013,2,6,June,Monday
2013-06-19,20130619,2013,2,6,June,Wednesday
2013-06-20,20130620,2013,2,6,June,Thursday
2013-06-25,20130625,2013,2,6,June,Tuesday
2013-06-27,20130627,2013,2,6,June,Thursday
2013-06-29,20130629,2013,2,6,June,Saturday
2013-07-11,20130711,2013,3,7,July,Thursday
2013-07-13,20130713,2013,3,7,July,Saturday
2013-07-14,20130714,2013,3,7,July,Sunday
2013-07-15,20130715,2013,3,7,July,Monday
2013-07-18,20130718,2013,3,7,July,Thursday
2013-07-19,20130719,2013,3,7,July,Friday
2013-07-20,20130720,2013,3,7,July,Saturday
2013-07-24,20130724,2013,3,7,July,Wednesday
2013-07-27,20130727,2013,3,7,July,Saturday
2013-07-29,20130729,2013,3,7,July,Monday
2013-07-30,20130730,2013,3,7,July,Tuesday
2013-07-31,20130731,2013,3,7,July,Wednesday
2013-08-05,20130805,2013,3,8,August,Monday
2013-08-08,20130808,2013,3,8,August,Thursday
2013-08-12,20130812,2013,3,8,August,Monday
2013-08-18,20130818,2013,3,8,August,Sunday
2013-08-19,20130819,2013,3,8,August,Monday
2013-08-22,20130822,2013,3,8,August,Thursday
2013-08-24,20130824,2013,3,8,August,Saturday
2013-09-01,20130901,2013,3,9,September,Sunday
2013-09-06,20130906,2013,3,9,September,Friday
2013-09-07,20130907,2013,3,9,September,Saturday
2013-09-08,20130908,2013,3,9,September,Sunday
2013-09-10,20130910,2013,3,9,September,Tuesday
2013-09-11,20130911,2013,3,9,September,Wednesday
2013-09-18,20130918,2013,3,9,September,Wednesday
2013-09-19,20130919,2013,3,9,September,Thursday
2013-09-20,20130920,2013,3,9,September,Friday
2013-09-23,20130923,2013,3,9,September,Monday
2013-09-26,20130926,2013,3,9,September,Thursday
2013-09-29,20130929,2013,3,9,September,Sunday
2013-09-30,20130930,2013,3,9,September,Monday
2013-10-08,20131008,2013,4,10,October,Tuesday
2013-10-09,20131009,2013,4,10,October,Wednesday
2013-10-10,20131010,2013,4,10,October,Thursday
2013-10-14,20131014,2013,4,10,October,Monday
2013-10-17,20131017,2013,4,10,October,Thursday
2013-10-19,20131019,2013,4,10,October,Saturday
2013-10-21,20131021,2013,4,10,October,Monday
2013-10-23,20131023,2013,4,10,October,Wednesday
2013-10-27,20131027,2013,4,10,October,Sunday
2013-10-28,20131028,2013,4,10,October,Monday
2013-10-29,20131029,2013,4,10,October,Tuesday
2013-10-31,20131031,2013,4,10,October,Thursday
2013-11-01,20131101,2013,4,11,November,Friday
2013-11-02,20131102,2013,4,11,November,Saturday
2013-11-04,20131104,2013,4,11,November,Monday
2013-11-05,20131105,2013,4,11,November,Tuesday
2013-11-06,20131106,2013,4,11,November,Wednesday
2013-11-07,20131107,2013,4,11,November,Thursday
2013-11-10,20131110,2013,4,11,November,Sunday
2013-11-12,20131112,2013,4,11,November,Tuesday
2013-11-13,20131113,2013,4,11,November,Wednesday
2013-11-15,20131115,2013,4,11,November,Friday
2013-11-18,20131118,2013,4,11,November,Monday
2013-11-25,20131125,2013,4,11,November,Monday
2013-11-26,20131126,2013,4,11,November,Tuesday
2013-11-27,20131127,2013,4,11,November,Wednesday
2013-11-30,20131130,2013,4,11,November,Saturday
2013-12-07,20131207,2013,4,12,December,Saturday
2013-12-08,20131208,2013,4,12,December,Sunday
2013-12-14,20131214,2013,4,12,December,Saturday
2013-12-15,20131215,2013,4,12,December,Sunday
2013-12-19,20131219,2013,4,12,December,Thursday
2013-12-23,20131223,2013,4,12,December,Monday
2013-12-27,20131227,2013,4,12,December,Friday
2014-01-01,20140101,2014,1,1,January,Wednesday
2014-01-02,20140102,2014,1,1,January,Thursday
2014-01-04,20140104,2014,1,1,January,Saturday
2014-01-05,20140105,2014,1,1,January,Sunday
2014-01-06,20140106,2014,1,1,January,Monday
2014-01-07,20140107,2014,1,1,January,Tuesday
2014-01-08,20140108,2014,1,1,January,Wednesday
2014-01-09,20140109,2014,1,1,January,Thursday
2014-01-10,20140110,2014,1,1,January,Friday
2014-01-13,20140113,2014,1,1,January,Monday
2014-01-14,20140114,2014,1,1,January,Tuesday
2014-01-16,20140116,2014,1,1,January,Thursday
2014-01-17,20140117,2014,1,1,January,Friday
2014-01-21,20140121,2014,1,1,January,Tuesday
2014-01-26,20140126,2014,1,1,January,Sunday
2014-01-27,20140127,2014,1,1,January,Monday
2014-01-28,20140128,2014,1,1,January,Tuesday
2014-01-30,20140130,2014,1,1,January,Thursday
2014-02-02,20140202,2014,1,2,February,Sunday
2014-02-06,20140206,2014,1,2,February,Thursday
2014-02-08,20140208,2014,1,2,February,Saturday
2014-02-09,20140209,2014,1,2,February,Sunday
2014-02-10,20140210,2014,1,2,February,Monday
2014-02-12,20140212,2014,1,2,February,Wednesday
2014-02-17,20140217,2014,1,2,February,Monday
2014-02-19,20140219,2014,1,2,February,Wednesday
2014-02-21,20140221,2014,1,2,February,Friday
2014-03-08,20140308,2014,1,3,March,Saturday
2014-03-09,20140309,2014,1,3,March,Sunday
2014-03-11,20140311,2014,1,3,March,Tuesday
2014-03-12,20140312,2014,1,3,March,Wednesday
2014-03-14,20140314,2014,1,3,March,Friday
2014-03-17,20140317,2014,1,3,March,Monday
2014-03-18,20140318,2014,1,3,March,Tuesday
2014-03-20,20140320,2014,1,3,March,Thursday
2014-03-21,20140321,2014,1,3,March,Friday
2014-03-22,20140322,2014,1,3,March,Saturday
2014-03-29,20140329,2014,1,3,March,Saturday
2014-03-31,20140331,2014,1,3,March,Monday
2014-04-01,20140401,2014,2,4,April,Tuesday
2014-04-05,20140405,2014,2,4,April,Saturday
2014-04-09,20140409,2014,2,4,April,Wednesday
2014-04-13,20140413,2014,2,4,April,Sunday
2014-04-14,20140414,2014,2,4,April,Monday
2014-04-15,20140415,2014,2,4,April,Tuesday
2014-04-19,20140419,2014,2,4,April,Saturday
2014-04-21,20140421,2014,2,4,April,Monday
2014-04-22,20140422,2014,2,4,April,Tuesday
2014-04-24,20140424,2014,2,4,April,Thursday
2014-04-27,20140427,2014,2,4,April,Sunday
2014-04-30,20140430,2014,2,4,April,Wednesday
2014-05-05,20140505,2014,2,5,May,Monday
2014-05-08,20140508,2014,2,5,May,Thursday
2014-05-09,20140509,2014,2,5,May,Friday
2014-05-10,20140510,2014,2,5,May,Saturday
2014-05-15,20140515,2014,2,5,May,Thursday
2014-05-16,20140516,2014,2,5,May,Friday
2014-05-17,20140517,2014,2,5,May,Saturday
2014-05-19,20140519,2014,2,5,May,Monday
2014-05-20,20140520,2014,2,5,May,Tuesday
2014-05-22,20140522,2014,2,5,May,Thursday
2014-05-23,20140523,2014,2,5,May,Friday
2014-05-27,20140527,2014,2,5,May,Tuesday
2014-05-28,20140528,2014,2,5,May,Wednesday
2014-06-03,20140603,2014,2,6,June,Tuesday
2014-06-08,20140608,2014,2,6,June,Sunday
2014-06-09,20140609,2014,2,6,June,Monday
2014-06-10,20140610,2014,2,6,June,Tuesday
2014-06-11,20140611,2014,2,6,June,Wednesday
2014-06-14,20140614,2014,2,6,June,Saturday
2014-06-15,20140615,2014,2,6,June,Sunday
2014-06-18,20140618,2014,2,6,June,Wednesday
2014-06-19,20140619,2014,2,6,June,Thursday
2014-06-21,20140621,2014,2,6,June,Saturday
2014-06-23,20140623,2014,2,6,June,Monday
2014-06-24,20140624,2014,2,6,June,Tuesday
2014-06-26,20140626,2014,2,6,June,Thursday
2014-06-27,20140627,2014,2,6,June,Friday
2014-07-01,20140701,2014,3,7,July,Tuesday
2014-07-02,20140702,2014,3,7,July,Wednesday
2014-07-06,20140706,2014,3,7,July,Sunday
2014-07-08,20140708,2014,3,7,July,Tuesday
2014-07-14,20140714,2014,3,7,July,Monday
2014-07-18,20140718,2014,3,7,July,Friday
2014-07-19,20140719,2014,3,7,July,Saturday
2014-07-21,20140721,2014,3,7,July,Monday
2014-07-24,20140724,2014,3,7,July,Thursday
2014-07-25,20140725,2014,3,7,July,Friday
2014-07-26,20140726,2014,3,7,July,Saturday
2014-07-27,20140727,2014,3,7,July,Sunday
2014-07-28,20140728,2014,3,7,July,Monday
2014-07-31,20140731,2014,3,7,July,Thursday
2014-08-02,20140802,2014,3,8,August,Saturday
2014-08-03,20140803,2014,3,8,August,Sunday
2014-08-05,20140805,2014,3,8,August,Tuesday
2014-08-07,20140807,2014,3,8,August,Thursday
2014-08-09,20140809,2014,3,8,August,Saturday
2014-08-10,20140810,2014,3,8,August,Sunday
2014-08-11,20140811,2014,3,8,August,Monday
2014-08-12,20140812,2014,3,8,August,Tuesday
2014-08-13,20140813,2014,3,8,August,Wednesday
2014-08-16,20140816,2014,3,8,August,Saturday
2014-08-18,20140818,2014,3,8,August,Monday
2014-08-22,20140822,2014,3,8,August,Friday
2014-08-24,20140824,2014,3,8,August,Sunday
2014-08-25,20140825,2014,3,8,August,Monday
2014-08-30,20140830,2014,3,8,August,Saturday
2014-08-31,20140831,2014,3,8,August,Sunday
2014-09-03,20140903,2014,3,9,September,Wednesday
2014-09-07,20140907,2014,3,9,September,Sunday
2014-09-10,20140910,2014,3,9,September,Wednesday
2014-09-14,20140914,2014,3,9,September,Sunday
2014-09-25,20140925,2014,3,9,September,Thursday
2014-09-28,20140928,2014,3,9,September,Sunday
2014-09-30,20140930,2014,3,9,September,Tuesday
2014-10-02,20141002,2014,4,10,October,Thursday
2014-10-03,20141003,2014,4,10,October,Friday
2014-10-06,20141006,2014,4,10,October,Monday
2014-10-08,20141008,2014,4,10,October,Wednesday
2014-10-14,20141014,2014,4,10,October,Tuesday
2014-10-16,20141016,2014,4,10,October,Thursday
2014-10-17,20141017,2014,4,10,October,Friday
2014-10-18,20141018,2014,4,10,October,Saturday
2014-10-21,20141021,2014,4,10,October,Tuesday
2014-10-27,20141027,2014,4,10,October,Monday
2014-10-29,20141029,2014,4,10,October,Wednesday
2014-10-31,20141031,2014,4,10,October,Friday
2014-11-01,20141101,2014,4,11,November,Saturday
2014-11-03,20141103,2014,4,11,November,Monday
2014-11-06,20141106,2014,4,11,November,Thursday
2014-11-07,20141107,2014,4,11,November,Friday
2014-11-10,20141110,2014,4,11,November,Monday
2014-11-22,20141122,2014,4,11,November,Saturday
2014-11-23,20141123,2014,4,11,November,Sunday
2014-11-24,20141124,2014,4,11,November,Monday
2014-11-25,20141125,2014,4,11,November,Tuesday
2014-11-29,20141129,2014,4,11,November,Saturday
2014-12-04,20141204,2014,4,12,December,Thursday
2014-12-05,20141205,2014,4,12,December,Friday
2014-12-09,20141209,2014,4,12,December,Tuesday
2014-12-11,20141211,2014,4,12,December,Thursday
2014-12-12,20141212,2014,4,12,December,Friday
2014-12-19,20141219,2014,4,12,December,Friday
2014-12-21,20141221,2014,4,12,December,Sunday
2014-12-23,20141223,2014,4,12,December,Tuesday
2014-12-25,20141225,2014,4,12,December,Thursday
2015-01-04,20150104,2015,1,1,January,Sunday
2015-01-09,20150109,2015,1,1,January,Friday
2015-01-12,20150112,2015,1,1,January,Monday
2015-01-14,20150114,2015,1,1,January,Wednesday
2015-01-15,20150115,2015,1,1,January,Thursday
2015-01-18,20150118,2015,1,1,January,Sunday
2015-01-20,20150120,2015,1,1,January,Tuesday
2015-01-21,20150121,2015,1,1,January,Wednesday
2015-01-22,20150122,2015,1,1,January,Thursday
2015-01-24,20150124,2015,1,1,January,Saturday
2015-01-30,20150130,2015,1,1,January,Friday
2015-01-31,20150131,2015,1,1,January,Saturday
2015-02-11,20150211,2015,1,2,February,Wednesday
2015-02-12,20150212,2015,1,2,February,Thursday
2015-02-13,20150213,2015,1,2,February,Friday
2015-02-16,20150216,2015,1,2,February,Monday
2015-02-18,20150218,2015,1,2,February,Wednesday
2015-02-19,20150219,2015,1,2,February,Thursday
2015-02-26,20150226,2015,1,2,February,Thursday
2015-03-01,20150301,2015,1,3,March,Sunday
2015-03-07,20150307,2015,1,3,March,Saturday
2015-03-09,20150309,2015,1,3,March,Monday
2015-03-11,20150311,2015,1,3,March,Wednesday
2015-03-12,20150312,2015,1,3,March,Thursday
2015-03-14,20150314,2015,1,3,March,Saturday
2015-03-15,20150315,2015,1,3,March,Sunday
2015-03-16,20150316,2015,1,3,March,Monday
2015-03-17,20150317,2015,1,3,March,Tuesday
2015-03-19,20150319,2015,1,3,March,Thursday
2015-03-20,20150320,2015,1,3,March,Friday
2015-03-21,20150321,2015,1,3,March,Saturday
2015-03-22,20150322,2015,1,3,March,Sunday
2015-03-24,20150324,2015,1,3,March,Tuesday
2015-04-01,20150401,2015,2,4,April,Wednesday
2015-04-03,20150403,2015,2,4,April,Friday
2015-04-04,20150404,2015,2,4,April,Saturday
2015-04-08,20150408,2015,2,4,April,Wednesday
2015-04-15,20150415,2015,2,4,April,Wednesday
2015-04-18,20150418,2015,2,4,April,Saturday
2015-04-22,20150422,2015,2,4,April,Wednesday
2015-04-24,20150424,2015,2,4,April,Friday
2015-04-27,20150427,2015,2,4,April,Monday
2015-04-30,20150430,2015,2,4,April,Thursday
2015-05-05,20150505,2015,2,5,May,Tuesday
2015-05-06,20150506,2015,2,5,May,Wednesday
2015-05-09,20150509,2015,2,5,May,Saturday
2015-05-10,20150510,2015,2,5,May,Sunday
2015-05-13,20150513,2015,2,5,May,Wednesday
2015-05-14,20150514,2015,2,5,May,Thursday
2015-05-15,20150515,2015,2,5,May,Friday
2015-05-19,20150519,2015,2,5,May,Tuesday
2015-05-20,20150520,2015,2,5,May,Wednesday
2015-05-22,20150522,2015,2,5,May,Friday
2015-05-26,20150526,2015,2,5,May,Tuesday
2015-05-30,20150530,2015,2,5,May,Saturday
2015-05-31,20150531,2015,2,5,May,Sunday
2015-06-01,20150601,2015,2,6,June,Monday
2015-06-02,20150602,2015,2,6,June,Tuesday
2015-06-06,20150606,2015,2,6,June,Saturday
2015-06-07,20150607,2015,2,6,June,Sunday
2015-06-08,20150608,2015,2,6,June,Monday
2015-06-14,20150614,2015,2,6,June,Sunday
2015-06-22,20150622,2015,2,6,June,Monday
2015-06-23,20150623,2015,2,6,June,Tuesday
2015-06-24,20150624,2015,2,6,June,Wednesday
2015-06-26,20150626,2015,2,6,June,Friday
2015-06-27,20150627,2015,2,6,June,Saturday
2015-07-03,20150703,2015,3,7,July,Friday
2015-07-05,20150705,2015,3,7,July,Sunday
2015-07-09,20150709,2015,3,7,July,Thursday
2015-07-12,20150712,2015,3,7,July,Sunday
2015-07-13,20150713,2015,3,7,July,Monday
2015-07-18,20150718,2015,3,7,July,Saturday
2015-07-19,20150719,2015,3,7,July,Sunday
2015-07-22,20150722,2015,3,7,July,Wednesday
2015-07-24,20150724,2015,3,7,July,Friday
2015-07-26,20150726,2015,3,7,July,Sunday
2015-07-27,20150727,2015,3,7,July,Monday
2015-07-28,20150728,2015,3,7,July,Tuesday
2015-07-30,20150730,2015,3,7,July,Thursday
2015-08-03,20150803,2015,3,8,August,Monday
2015-08-07,20150807,2015,3,8,August,Friday
2015-08-11,20150811,2015,3,8,August,Tuesday
2015-08-13,20150813,2015,3,8,August,Thursday
2015-08-15,20150815,2015,3,8,August,Saturday
2015-08-21,20150821,2015,3,8,August,Friday
2015-08-22,20150822,2015,3,8,August,Saturday
2015-08-25,20150825,2015,3,8,August,Tuesday
2015-08-26,20150826,2015,3,8,August,Wednesday
2015-08-28,20150828,2015,3,8,August,Friday
2015-08-29,20150829,2015,3,8,August,Saturday
2015-08-31,20150831,2015,3,8,August,Monday
2015-09-02,20150902,2015,3,9,September,Wednesday
2015-09-09,20150909,2015,3,9,September,Wednesday
2015-09-15,20150915,2015,3,9,September,Tuesday
2015-09-18,20150918,2015,3,9,September,Friday
2015-09-20,20150920,2015,3,9,September,Sunday
2015-09-23,20150923,2015,3,9,September,Wednesday
2015-09-25,20150925,2015,3,9,September,Friday
2015-09-26,20150926,2015,3,9,September,Saturday
2015-09-27,20150927,2015,3,9,September,Sunday
2015-09-29,20150929,2015,3,9,September,Tuesday
2015-10-07,20151007,2015,4,10,October,Wednesday
2015-10-10,20151010,2015,4,10,October,Saturday
2015-10-13,20151013,2015,4,10,October,Tuesday
2015-10-18,20151018,2015,4,10,October,Sunday
2015-10-19,20151019,2015,4,10,October,Monday
2015-10-24,20151024,2015,4,10,October,Saturday
2015-10-27,20151027,2015,4,10,October,Tuesday
2015-10-31,20151031,2015,4,10,October,Saturday
2015-11-01,20151101,2015,4,11,November,Sunday
2015-11-02,20151102,2015,4,11,November,Monday
2015-11-04,20151104,2015,4,11,November,Wednesday
2015-11-05,20151105,2015,4,11,November,Thursday
2015-11-06,20151106,2015,4,11,November,Friday
2015-11-09,20151109,2015,4,11,November,Monday
2015-11-16,20151116,2015,4,11,November,Monday
2015-11-21,20151121,2015,4,11,November,Saturday
2015-11-25,20151125,2015,4,11,November,Wednesday
2015-11-26,20151126,2015,4,11,November,Thursday
2015-11-27,20151127,2015,4,11,November,Friday
2015-11-28,20151128,2015,4,11,November,Saturday
2015-11-29,20151129,2015,4,11,November,Sunday
2015-11-30,20151130,2015,4,11,November,Monday
2015-12-02,20151202,2015,4,12,December,Wednesday
2015-12-03,20151203,2015,4,12,December,Thursday
2015-12-04,20151204,2015,4,12,December,Friday
2015-12-09,20151209,2015,4,12,December,Wednesday
2015-12-14,20151214,2015,4,12,December,Monday
2015-12-17,20151217,2015,4,12,December,Thursday
2015-12-19,20151219,2015,4,12,December,Saturday
2015-12-23,20151223,2015,4,12,December,Wednesday
2015-12-24,20151224,2015,4,12,December,Thursday
2015-12-25,20151225,2015,4,12,December,Friday
2015-12-27,20151227,2015,4,12,December,Sunday
2016-01-05,20160105,2016,1,1,January,Tuesday
2016-01-10,20160110,2016,1,1,January,Sunday
2016-01-11,20160111,2016,1,1,January,Monday
2016-01-12,20160112,2016,1,1,January,Tuesday
2016-01-16,20160116,2016,1,1,January,Saturday
2016-01-20,20160120,2016,1,1,January,Wednesday
2016-01-21,20160121,2016,1,1,January,Thursday
2016-01-22,20160122,2016,1,1,January,Friday
2016-01-24,20160124,2016,1,1,January,Sunday
2016-01-25,20160125,2016,1,1,January,Monday
2016-01-27,20160127,2016,1,1,January,Wednesday
2016-01-30,20160130,2016,1,1,January,Saturday
2016-01-31,20160131,2016,1,1,January,Sunday
2016-02-04,20160204,2016,1,2,February,Thursday
2016-02-08,20160208,2016,1,2,February,Monday
2016-02-15,20160215,2016,1,2,February,Monday
2016-02-17,20160217,2016,1,2,February,Wednesday
2016-02-19,20160219,2016,1,2,February,Friday
2016-02-20,20160220,2016,1,2,February,Saturday
2016-02-21,20160221,2016,1,2,February,Sunday
2016-02-25,20160225,2016,1,2,February,Thursday
2016-02-26,20160226,2016,1,2,February,Friday
2016-02-29,20160229,2016,1,2,February,Monday
2016-03-02,20160302,2016,1,3,March,Wednesday
2016-03-04,20160304,2016,1,3,March,Friday
2016-03-10,20160310,2016,1,3,March,Thursday
2016-03-11,20160311,2016,1,3,March,Friday
2016-03-12,20160312,2016,1,3,March,Saturday
2016-03-14,20160314,2016,1,3,March,Monday
2016-03-17,20160317,2016,1,3,March,Thursday
2016-03-22,20160322,2016,1,3,March,Tuesday
2016-03-23,20160323,2016,1,3,March,Wednesday
2016-03-27,20160327,2016,1,3,March,Sunday
2016-03-28,20160328,2016,1,3,March,Monday
2016-03-29,20160329,2016,1,3,March,Tuesday
2016-04-03,20160403,2016,2,4,April,Sunday
2016-04-11,20160411,2016,2,4,April,Monday
2016-04-15,20160415,2016,2,4,April,Friday
2016-04-17,20160417,2016,2,4,April,Sunday
2016-04-24,20160424,2016,2,4,April,Sunday
2016-04-26,20160426,2016,2,4,April,Tuesday
2016-04-29,20160429,2016,2,4,April,Friday
2016-04-30,20160430,2016,2,4,April,Saturday
2016-05-06,20160506,2016,2,5,May,Friday
2016-05-09,20160509,2016,2,5,May,Monday
2016-05-10,20160510,2016,2,5,May,Tuesday
2016-05-11,20160511,2016,2,5,May,Wednesday
2016-05-13,20160513,2016,2,5,May,Friday
2016-05-15,20160515,2016,2,5,May,Sunday
2016-05-23,20160523,2016,2,5,May,Monday
2016-05-25,20160525,2016,2,5,May,Wednesday
2016-05-28,20160528,2016,2,5,May,Saturday
2016-05-29,20160529,2016,2,5,May,Sunday
2016-05-31,20160531,2016,2,5,May,Tuesday
2016-06-01,20160601,2016,2,6,June,Wednesday
2016-06-02,20160602,2016,2,6,June,Thursday
2016-06-03,20160603,2016,2,6,June,Friday
2016-06-05,20160605,2016,2,6,June,Sunday
2016-06-09,20160609,2016,2,6,June,Thursday
2016-06-17,20160617,2016,2,6,June,Friday
2016-06-26,20160626,2016,2,6,June,Sunday
2016-06-27,20160627,2016,2,6,June,Monday
2016-06-28,20160628,2016,2,6,June,Tuesday
2016-06-29,20160629,2016,2,6,June,Wednesday
2016-07-03,20160703,2016,3,7,July,Sunday
2016-07-06,20160706,2016,3,7,July,Wednesday
2016-07-12,20160712,2016,3,7,July,Tuesday
2016-07-16,20160716,2016,3,7,July,Saturday
2016-07-17,20160717,2016,3,7,July,Sunday
2016-07-20,20160720,2016,3,7,July,Wednesday
2016-07-22,20160722,2016,3,7,July,Friday
2016-07-25,20160725,2016,3,7,July,Monday
2016-07-26,20160726,2016,3,7,July,Tuesday
2016-07-27,20160727,2016,3,7,July,Wednesday
2016-07-29,20160729,2016,3,7,July,Friday
2016-07-30,20160730,2016,3,7,July,Saturday
2016-08-01,20160801,2016,3,8,August,Monday
2016-08-03,20160803,2016,3,8,August,Wednesday
2016-08-04,20160804,2016,3,8,August,Thursday
2016-08-06,20160806,2016,3,8,August,Saturday
2016-08-10,20160810,2016,3,8,August,Wednesday
2016-08-11,20160811,2016,3,8,August,Thursday
2016-08-12,20160812,2016,3,8,August,Friday
2016-08-14,20160814,2016,3,8,August,Sunday
2016-08-16,20160816,2016,3,8,August,Tuesday
2016-08-18,20160818,2016,3,8,August,Thursday
2016-08-21,20160821,2016,3,8,August,Sunday
2016-08-27,20160827,2016,3,8,August,Saturday
2016-09-05,20160905,2016,3,9,September,Monday
2016-09-06,20160906,2016,3,9,September,Tuesday
2016-09-12,20160912,2016,3,9,September,Monday
2016-09-16,20160916,2016,3,9,September,Friday
2016-09-18,20160918,2016,3,9,September,Sunday
2016-09-19,20160919,2016,3,9,September,Monday
2016-09-20,20160920,2016,3,9,September,Tuesday
2016-09-25,20160925,2016,3,9,September,Sunday
2016-09-27,20160927,2016,3,9,September,Tuesday
2016-09-28,20160928,2016,3,9,September,Wednesday
2016-09-30,20160930,2016,3,9,September,Friday
2016-10-01,20161001,2016,4,10,October,Saturday
2016-10-05,20161005,2016,4,10,October,Wednesday
2016-10-15,20161015,2016,4,10,October,Saturday
2016-10-22,20161022,2016,4,10,October,Saturday
2016-10-24,20161024,2016,4,10,October,Monday
2016-10-27,20161027,2016,4,10,October,Thursday
2016-10-28,20161028,2016,4,10,October,Friday
2016-11-01,20161101,2016,4,11,November,Tuesday
2016-11-04,20161104,2016,4,11,November,Friday
2016-11-11,20161111,2016,4,11,November,Friday
2016-11-12,20161112,2016,4,11,November,Saturday
2016-11-13,20161113,2016,4,11,November,Sunday
2016-11-14,20161114,2016,4,11,November,Monday
2016-11-15,20161115,2016,4,11,November,Tuesday
2016-11-16,20161116,2016,4,11,November,Wednesday
2016-11-17,20161117,2016,4,11,November,Thursday
2016-11-21,20161121,2016,4,11,November,Monday
2016-11-27,20161127,2016,4,11,November,Sunday
2016-11-28,20161128,2016,4,11,November,Monday
2016-11-29,20161129,2016,4,11,November,Tuesday
2016-11-30,20161130,2016,4,11,November,Wednesday
2016-12-02,20161202,2016,4,12,December,Friday
2016-12-06,20161206,2016,4,12,December,Tuesday
2016-12-07,20161207,2016,4,12,December,Wednesday
2016-12-12,20161212,2016,4,12,December,Monday
2016-12-14,20161214,2016,4,12,December,Wednesday
2016-12-15,20161215,2016,4,12,December,Thursday
2016-12-18,20161218,2016,4,12,December,Sunday
2016-12-20,20161220,2016,4,12,December,Tuesday
2016-12-21,20161221,2016,4,12,December,Wednesday
2016-12-23,20161223,2016,4,12,December,Friday
2016-12-27,20161227,2016,4,12,December,Tuesday
2016-12-31,20161231,2016,4,12,December,Saturday
2017-01-03,20170103,2017,1,1,January,Tuesday
2017-01-04,20170104,2017,1,1,January,Wednesday
2017-01-06,20170106,2017,1,1,January,Friday
2017-01-10,20170110,2017,1,1,January,Tuesday
2017-01-12,20170112,2017,1,1,January,Thursday
2017-01-14,20170114,2017,1,1,January,Saturday
2017-01-22,20170122,2017,1,1,January,Sunday
2017-01-24,20170124,2017,1,1,January,Tuesday
2017-01-26,20170126,2017,1,1,January,Thursday
2017-01-28,20170128,2017,1,1,January,Saturday
2017-02-01,20170201,2017,1,2,February,Wednesday
2017-02-06,20170206,2017,1,2,February,Monday
2017-02-09,20170209,2017,1,2,February,Thursday
2017-02-11,20170211,2017,1,2,February,Saturday
2017-02-12,20170212,2017,1,2,February,Sunday
2017-02-13,20170213,2017,1,2,February,Monday
2017-02-18,20170218,2017,1,2,February,Saturday
2017-02-19,20170219,2017,1,2,February,Sunday
2017-02-21,20170221,2017,1,2,February,Tuesday
2017-02-22,20170222,2017,1,2,February,Wednesday
2017-02-26,20170226,2017,1,2,February,Sunday
2017-03-01,20170301,2017,1,3,March,Wednesday
2017-03-03,20170303,2017,1,3,March,Friday
2017-03-04,20170304,2017,1,3,March,Saturday
2017-03-08,20170308,2017,1,3,March,Wednesday
2017-03-11,20170311,2017,1,3,March,Saturday
2017-03-12,20170312,2017,1,3,March,Sunday
2017-03-13,20170313,2017,1,3,March,Monday
2017-03-15,20170315,2017,1,3,March,Wednesday
2017-03-17,20170317,2017,1,3,March,Friday
2017-03-18,20170318,2017,1,3,March,Saturday
2017-03-19,20170319,2017,1,3,March,Sunday
2017-03-23,20170323,2017,1,3,March,Thursday
2017-03-24,20170324,2017,1,3,March,Friday
2017-03-31,20170331,2017,1,3,March,Friday
2017-04-03,20170403,2017,2,4,April,Monday
2017-04-04,20170404,2017,2,4,April,Tuesday
2017-04-07,20170407,2017,2,4,April,Friday
2017-04-08,20170408,2017,2,4,April,Saturday
2017-04-13,20170413,2017,2,4,April,Thursday
2017-04-16,20170416,2017,2,4,April,Sunday
2017-04-17,20170417,2017,2,4,April,Monday
2017-04-21,20170421,2017,2,4,April,Friday
2017-04-22,20170422,2017,2,4,April,Saturday
2017-04-25,20170425,2017,2,4,April,Tuesday
2017-04-27,20170427,2017,2,4,April,Thursday
2017-04-30,20170430,2017,2,4,April,Sunday
2017-05-01,20170501,2017,2,5,May,Monday
2017-05-02,20170502,2017,2,5,May,Tuesday
2017-05-03,20170503,2017,2,5,May,Wednesday
2017-05-05,20170505,2017,2,5,May,Friday
2017-05-06,20170506,2017,2,5,May,Saturday
2017-05-09,20170509,2017,2,5,May,Tuesday
2017-05-13,20170513,2017,2,5,May,Saturday
2017-05-14,20170514,2017,2,5,May,Sunday
2017-05-22,20170522,2017,2,5,May,Monday
2017-05-23,20170523,2017,2,5,May,Tuesday
2017-05-24,20170524,2017,2,5,May,Wednesday
2017-05-28,20170528,2017,2,5,May,Sunday
2017-05-31,20170531,2017,2,5,May,Wednesday
2017-06-03,20170603,2017,2,6,June,Saturday
2017-06-06,20170606,2017,2,6,June,Tuesday
2017-06-07,20170607,2017,2,6,June,Wednesday
2017-06-09,20170609,2017,2,6,June,Friday
2017-06-11,20170611,2017,2,6,June,Sunday
2017-06-16,20170616,2017,2,6,June,Friday
2017-06-20,20170620,2017,2,6,June,Tuesday
2017-06-21,20170621,2017,2,6,June,Wednesday
2017-06-24,20170624,2017,2,6,June,Saturday
2017-06-28,20170628,2017,2,6,June,Wednesday
2017-06-30,20170630,2017,2,6,June,Friday
2017-07-02,20170702,2017,3,7,July,Sunday
2017-07-03,20170703,2017,3,7,July,Monday
2017-07-05,20170705,2017,3,7,July,Wednesday
2017-07-07,20170707,2017,3,7,July,Friday
2017-07-09,20170709,2017,3,7,July,Sunday
2017-07-10,20170710,2017,3,7,July,Monday
2017-07-11,20170711,2017,3,7,July,Tuesday
2017-07-14,20170714,2017,3,7,July,Friday
2017-07-17,20170717,2017,3,7,July,Monday
2017-07-18,20170718,2017,3,7,July,Tuesday
2017-07-20,20170720,2017,3,7,July,Thursday
2017-07-22,20170722,2017,3,7,July,Saturday
2017-07-23,20170723,2017,3,7,July,Sunday
